[{
        "links": [
            "http://www.anu.edu.au/"
        ],
        "status": "active",
        "email_address": null,
        "addresses": [
            {
                "primary": false,
                "line": null,
                "state": "Australian Capital Territory",
                "postcode": null,
                "geonames_city": {
                    "nuts_level1": {
                        "name": null,
                        "code": null
                    },
                    "city": "Canberra",
                    "nuts_level2": {
                        "name": null,
                        "code": null
                    },
                    "nuts_level3": {
                        "name": null,
                        "code": null
                    },
                    "geonames_admin1": {
                        "ascii_name": "ACT",
                        "name": "ACT",
                        "id": 2177478,
                        "code": "AU.01"
                    },
                    "id": 2172517,
                    "geonames_admin2": {
                        "ascii_name": null,
                        "name": null,
                        "id": null,
                        "code": null
                    },
                    "license": {
                        "attribution": "Data from geonames.org under a CC-BY 3.0 license",
                        "license": "http://creativecommons.org/licenses/by/3.0/"
                    }
                },
                "country_geonames_id": 2077456,
                "lng": 149.1205,
                "city": "Canberra",
                "lat": -35.2778,
                "state_code": "AU-ACT"
            }
        ],
        "relationships": [
            {
                "id": "https://ror.org/041c7s516",
                "type": "Related",
                "label": "Calvary Hospital"
            },
            {
                "id": "https://ror.org/04h7nbn38",
                "type": "Related",
                "label": "Canberra Hospital"
            },
            {
                "id": "https://ror.org/030jpqj15",
                "type": "Related",
                "label": "Goulburn Base Hospital"
            },
            {
                "id": "https://ror.org/006a4jj40",
                "type": "Child",
                "label": "Mount Stromlo Observatory"
            }
        ],
        "ip_addresses": [],
        "country": {
            "country_name": "Australia",
            "country_code": "AU"
        },
        "wikipedia_url": "http://en.wikipedia.org/wiki/Australian_National_University",
        "external_ids": {
            "Wikidata": {
                "preferred": null,
                "all": [
                    "Q127990"
                ]
            },
            "OrgRef": {
                "preferred": null,
                "all": [
                    "285106"
                ]
            },
            "FundRef": {
                "preferred": "501100000995",
                "all": [
                    "501100000995",
                    "501100001151",
                    "100009020"
                ]
            },
            "ISNI": {
                "preferred": null,
                "all": [
                    "0000 0001 2180 7477"
                ]
            },
            "GRID": {
                "preferred": "grid.1001.0",
                "all": "grid.1001.0"
            }
        },
        "types": [
            "Education"
        ],
        "established": 1946,
        "labels": [],
        "acronyms": [
            "ANU"
        ],
        "name": "Australian National University",
        "id": "https://ror.org/019wvm592",
        "aliases": []
    }]
